[
{
  "model": "admin.logentry",
  "pk": 1,
  "fields": {
    "action_time": "2023-11-20T18:04:01.785Z",
    "user": 1,
    "content_type": 7,
    "object_id": "1",
    "object_repr": "test",
    "action_flag": 1,
    "change_message": "[{\"added\": {}}]"
  }
},
{
  "model": "admin.logentry",
  "pk": 2,
  "fields": {
    "action_time": "2023-11-20T18:07:58.806Z",
    "user": 1,
    "content_type": 7,
    "object_id": "2",
    "object_repr": "test",
    "action_flag": 1,
    "change_message": "[{\"added\": {}}]"
  }
},
{
  "model": "admin.logentry",
  "pk": 3,
  "fields": {
    "action_time": "2023-11-20T18:25:10.172Z",
    "user": 1,
    "content_type": 7,
    "object_id": "2",
    "object_repr": "test",
    "action_flag": 2,
    "change_message": "[{\"changed\": {\"fields\": [\"Image\"]}}]"
  }
},
{
  "model": "admin.logentry",
  "pk": 4,
  "fields": {
    "action_time": "2023-11-20T18:40:56.740Z",
    "user": 1,
    "content_type": 7,
    "object_id": "1",
    "object_repr": "test",
    "action_flag": 2,
    "change_message": "[{\"changed\": {\"fields\": [\"Image\"]}}]"
  }
},
{
  "model": "admin.logentry",
  "pk": 5,
  "fields": {
    "action_time": "2023-11-20T18:42:33.143Z",
    "user": 1,
    "content_type": 7,
    "object_id": "2",
    "object_repr": "test",
    "action_flag": 3,
    "change_message": ""
  }
},
{
  "model": "admin.logentry",
  "pk": 6,
  "fields": {
    "action_time": "2023-11-20T18:43:15.149Z",
    "user": 1,
    "content_type": 7,
    "object_id": "1",
    "object_repr": "test",
    "action_flag": 3,
    "change_message": ""
  }
},
{
  "model": "admin.logentry",
  "pk": 7,
  "fields": {
    "action_time": "2023-11-20T18:45:23.183Z",
    "user": 1,
    "content_type": 7,
    "object_id": "3",
    "object_repr": "test",
    "action_flag": 1,
    "change_message": "[{\"added\": {}}]"
  }
},
{
  "model": "admin.logentry",
  "pk": 8,
  "fields": {
    "action_time": "2023-11-20T21:10:04.416Z",
    "user": 1,
    "content_type": 7,
    "object_id": "3",
    "object_repr": "test",
    "action_flag": 3,
    "change_message": ""
  }
},
{
  "model": "admin.logentry",
  "pk": 9,
  "fields": {
    "action_time": "2023-11-20T21:17:13.115Z",
    "user": 1,
    "content_type": 7,
    "object_id": "4",
    "object_repr": "tieser",
    "action_flag": 1,
    "change_message": "[{\"added\": {}}]"
  }
},
{
  "model": "admin.logentry",
  "pk": 10,
  "fields": {
    "action_time": "2023-11-20T21:29:11.652Z",
    "user": 1,
    "content_type": 7,
    "object_id": "4",
    "object_repr": "tieser",
    "action_flag": 3,
    "change_message": ""
  }
},
{
  "model": "admin.logentry",
  "pk": 11,
  "fields": {
    "action_time": "2023-11-21T19:12:31.022Z",
    "user": 1,
    "content_type": 7,
    "object_id": "5",
    "object_repr": "sasha",
    "action_flag": 1,
    "change_message": "[{\"added\": {}}]"
  }
},
{
  "model": "admin.logentry",
  "pk": 12,
  "fields": {
    "action_time": "2023-11-21T23:29:48.392Z",
    "user": 1,
    "content_type": 8,
    "object_id": "1",
    "object_repr": "новость_1 от: 2023-11-21 23:29",
    "action_flag": 1,
    "change_message": "[{\"added\": {}}]"
  }
},
{
  "model": "admin.logentry",
  "pk": 13,
  "fields": {
    "action_time": "2023-11-21T23:50:33.668Z",
    "user": 1,
    "content_type": 8,
    "object_id": "2",
    "object_repr": "авамвымвмыаыам от: 2023-11-21 23:50",
    "action_flag": 1,
    "change_message": "[{\"added\": {}}]"
  }
},
{
  "model": "admin.logentry",
  "pk": 14,
  "fields": {
    "action_time": "2023-11-23T18:27:49.926Z",
    "user": 1,
    "content_type": 8,
    "object_id": "1",
    "object_repr": "новость_1 от: 2023-11-21 23:29",
    "action_flag": 3,
    "change_message": ""
  }
},
{
  "model": "admin.logentry",
  "pk": 15,
  "fields": {
    "action_time": "2023-11-23T18:28:38.028Z",
    "user": 1,
    "content_type": 8,
    "object_id": "2",
    "object_repr": "говно от: 2023-11-21 23:50",
    "action_flag": 2,
    "change_message": "[{\"changed\": {\"fields\": [\"\\u041d\\u0430\\u0437\\u0432\\u0430\\u043d\\u0438\\u0435\", \"\\u0410\\u043d\\u043d\\u043e\\u0442\\u0430\\u0446\\u0438\\u044f\", \"\\u0422\\u0435\\u043a\\u0441\\u0442 \\u043d\\u043e\\u0432\\u043e\\u0441\\u0442\\u0438\"]}}]"
  }
},
{
  "model": "admin.logentry",
  "pk": 16,
  "fields": {
    "action_time": "2023-11-23T18:30:04.273Z",
    "user": 1,
    "content_type": 8,
    "object_id": "3",
    "object_repr": "сука! от: 2023-11-23 21:29",
    "action_flag": 1,
    "change_message": "[{\"added\": {}}]"
  }
},
{
  "model": "admin.logentry",
  "pk": 17,
  "fields": {
    "action_time": "2023-11-23T20:15:23.368Z",
    "user": 1,
    "content_type": 7,
    "object_id": "6",
    "object_repr": "roro",
    "action_flag": 1,
    "change_message": "[{\"added\": {}}]"
  }
},
{
  "model": "admin.logentry",
  "pk": 18,
  "fields": {
    "action_time": "2023-11-23T20:17:24.680Z",
    "user": 1,
    "content_type": 7,
    "object_id": "6",
    "object_repr": "roro",
    "action_flag": 3,
    "change_message": ""
  }
},
{
  "model": "admin.logentry",
  "pk": 19,
  "fields": {
    "action_time": "2023-11-23T20:20:52.522Z",
    "user": 1,
    "content_type": 7,
    "object_id": "7",
    "object_repr": "suka",
    "action_flag": 1,
    "change_message": "[{\"added\": {}}]"
  }
},
{
  "model": "admin.logentry",
  "pk": 20,
  "fields": {
    "action_time": "2023-11-23T20:22:48.413Z",
    "user": 1,
    "content_type": 7,
    "object_id": "7",
    "object_repr": "suka",
    "action_flag": 3,
    "change_message": ""
  }
},
{
  "model": "admin.logentry",
  "pk": 21,
  "fields": {
    "action_time": "2023-11-23T21:09:45.525Z",
    "user": 1,
    "content_type": 8,
    "object_id": "2",
    "object_repr": "говно от: 2023-11-21 23:50",
    "action_flag": 2,
    "change_message": "[{\"changed\": {\"fields\": [\"Image\"]}}]"
  }
},
{
  "model": "admin.logentry",
  "pk": 22,
  "fields": {
    "action_time": "2023-11-23T21:10:08.336Z",
    "user": 1,
    "content_type": 8,
    "object_id": "3",
    "object_repr": "сука! от: 2023-11-23 21:29",
    "action_flag": 2,
    "change_message": "[{\"changed\": {\"fields\": [\"Image\"]}}]"
  }
},
{
  "model": "admin.logentry",
  "pk": 23,
  "fields": {
    "action_time": "2023-11-25T11:03:50.928Z",
    "user": 1,
    "content_type": 8,
    "object_id": "2",
    "object_repr": "товар от: 2023-11-21 23:50",
    "action_flag": 2,
    "change_message": "[{\"changed\": {\"fields\": [\"\\u041d\\u0430\\u0437\\u0432\\u0430\\u043d\\u0438\\u0435\", \"\\u0410\\u043d\\u043d\\u043e\\u0442\\u0430\\u0446\\u0438\\u044f\", \"\\u041a\\u0430\\u0442\\u0435\\u0433\\u043e\\u0440\\u0438\\u0438\"]}}]"
  }
},
{
  "model": "admin.logentry",
  "pk": 24,
  "fields": {
    "action_time": "2023-11-25T11:04:32.577Z",
    "user": 1,
    "content_type": 8,
    "object_id": "3",
    "object_repr": "нештяк! от: 2023-11-23 21:29",
    "action_flag": 2,
    "change_message": "[{\"changed\": {\"fields\": [\"\\u041d\\u0430\\u0437\\u0432\\u0430\\u043d\\u0438\\u0435\", \"\\u0410\\u043d\\u043d\\u043e\\u0442\\u0430\\u0446\\u0438\\u044f\", \"\\u041a\\u0430\\u0442\\u0435\\u0433\\u043e\\u0440\\u0438\\u0438\"]}}]"
  }
},
{
  "model": "admin.logentry",
  "pk": 25,
  "fields": {
    "action_time": "2023-11-25T20:14:28.179Z",
    "user": 1,
    "content_type": 9,
    "object_id": "1",
    "object_repr": "admin's account",
    "action_flag": 1,
    "change_message": "[{\"added\": {}}]"
  }
},
{
  "model": "admin.logentry",
  "pk": 26,
  "fields": {
    "action_time": "2023-11-25T21:15:13.171Z",
    "user": 1,
    "content_type": 9,
    "object_id": "1",
    "object_repr": "admin's account",
    "action_flag": 2,
    "change_message": "[{\"changed\": {\"fields\": [\"Account image\"]}}]"
  }
},
{
  "model": "admin.logentry",
  "pk": 27,
  "fields": {
    "action_time": "2023-11-25T22:21:24.185Z",
    "user": 1,
    "content_type": 4,
    "object_id": "2",
    "object_repr": "Testuser_1",
    "action_flag": 1,
    "change_message": "[{\"added\": {}}]"
  }
},
{
  "model": "admin.logentry",
  "pk": 28,
  "fields": {
    "action_time": "2023-11-25T22:42:12.314Z",
    "user": 1,
    "content_type": 9,
    "object_id": "2",
    "object_repr": "Testuser_1's account",
    "action_flag": 1,
    "change_message": "[{\"added\": {}}]"
  }
},
{
  "model": "admin.logentry",
  "pk": 29,
  "fields": {
    "action_time": "2023-11-25T22:49:55.231Z",
    "user": 1,
    "content_type": 9,
    "object_id": "2",
    "object_repr": "Testuser_1's account",
    "action_flag": 2,
    "change_message": "[{\"changed\": {\"fields\": [\"Account image\"]}}]"
  }
},
{
  "model": "admin.logentry",
  "pk": 30,
  "fields": {
    "action_time": "2023-11-25T23:58:29.846Z",
    "user": 1,
    "content_type": 8,
    "object_id": "4",
    "object_repr": "супперновость!! от: 2023-11-26 02:57",
    "action_flag": 1,
    "change_message": "[{\"added\": {}}]"
  }
},
{
  "model": "admin.logentry",
  "pk": 31,
  "fields": {
    "action_time": "2023-11-26T18:03:56.592Z",
    "user": 1,
    "content_type": 4,
    "object_id": "2",
    "object_repr": "Testuser_1",
    "action_flag": 2,
    "change_message": "[{\"changed\": {\"fields\": [\"First name\", \"Last name\", \"Last login\", \"Date joined\"]}}]"
  }
},
{
  "model": "admin.logentry",
  "pk": 32,
  "fields": {
    "action_time": "2023-11-26T18:06:42.606Z",
    "user": 1,
    "content_type": 9,
    "object_id": "2",
    "object_repr": "Testuser_1's account",
    "action_flag": 2,
    "change_message": "[{\"changed\": {\"fields\": [\"Birthdate\"]}}]"
  }
},
{
  "model": "admin.logentry",
  "pk": 33,
  "fields": {
    "action_time": "2023-11-26T18:07:22.515Z",
    "user": 1,
    "content_type": 9,
    "object_id": "2",
    "object_repr": "Testuser_1's account",
    "action_flag": 2,
    "change_message": "[{\"changed\": {\"fields\": [\"Birthdate\"]}}]"
  }
},
{
  "model": "admin.logentry",
  "pk": 34,
  "fields": {
    "action_time": "2023-11-26T18:15:50.998Z",
    "user": 1,
    "content_type": 4,
    "object_id": "3",
    "object_repr": "Test_User_2",
    "action_flag": 1,
    "change_message": "[{\"added\": {}}]"
  }
},
{
  "model": "admin.logentry",
  "pk": 35,
  "fields": {
    "action_time": "2023-11-26T18:18:54.799Z",
    "user": 1,
    "content_type": 9,
    "object_id": "3",
    "object_repr": "Test_User_2's account",
    "action_flag": 1,
    "change_message": "[{\"added\": {}}]"
  }
},
{
  "model": "admin.logentry",
  "pk": 36,
  "fields": {
    "action_time": "2023-11-26T18:22:23.025Z",
    "user": 1,
    "content_type": 4,
    "object_id": "3",
    "object_repr": "Test_User_2",
    "action_flag": 2,
    "change_message": "[{\"changed\": {\"fields\": [\"First name\", \"Last name\", \"Last login\", \"Date joined\"]}}]"
  }
},
{
  "model": "admin.logentry",
  "pk": 37,
  "fields": {
    "action_time": "2023-11-26T18:26:21.712Z",
    "user": 1,
    "content_type": 4,
    "object_id": "1",
    "object_repr": "admin",
    "action_flag": 2,
    "change_message": "[{\"changed\": {\"fields\": [\"First name\", \"Last name\", \"Last login\"]}}]"
  }
},
{
  "model": "admin.logentry",
  "pk": 38,
  "fields": {
    "action_time": "2023-11-26T18:37:07.624Z",
    "user": 1,
    "content_type": 8,
    "object_id": "5",
    "object_repr": "Ночной кошмар!!! от: 2023-11-26 21:35",
    "action_flag": 1,
    "change_message": "[{\"added\": {}}]"
  }
},
{
  "model": "admin.logentry",
  "pk": 39,
  "fields": {
    "action_time": "2023-11-28T16:51:29.785Z",
    "user": 1,
    "content_type": 10,
    "object_id": "1",
    "object_repr": "Games",
    "action_flag": 1,
    "change_message": "[{\"added\": {}}]"
  }
},
{
  "model": "admin.logentry",
  "pk": 40,
  "fields": {
    "action_time": "2023-11-28T16:52:14.739Z",
    "user": 1,
    "content_type": 10,
    "object_id": "2",
    "object_repr": "Science",
    "action_flag": 1,
    "change_message": "[{\"added\": {}}]"
  }
},
{
  "model": "admin.logentry",
  "pk": 41,
  "fields": {
    "action_time": "2023-11-28T16:52:56.230Z",
    "user": 1,
    "content_type": 10,
    "object_id": "3",
    "object_repr": "Ecology",
    "action_flag": 1,
    "change_message": "[{\"added\": {}}]"
  }
},
{
  "model": "admin.logentry",
  "pk": 42,
  "fields": {
    "action_time": "2023-11-28T16:53:20.212Z",
    "user": 1,
    "content_type": 10,
    "object_id": "4",
    "object_repr": "IT",
    "action_flag": 1,
    "change_message": "[{\"added\": {}}]"
  }
},
{
  "model": "admin.logentry",
  "pk": 43,
  "fields": {
    "action_time": "2023-11-28T19:09:56.207Z",
    "user": 1,
    "content_type": 8,
    "object_id": "5",
    "object_repr": "Ночной кошмар!!! от: 2023-11-26 21:35",
    "action_flag": 2,
    "change_message": "[{\"changed\": {\"fields\": [\"Tags\"]}}]"
  }
},
{
  "model": "admin.logentry",
  "pk": 44,
  "fields": {
    "action_time": "2023-11-29T06:48:46.144Z",
    "user": 1,
    "content_type": 8,
    "object_id": "3",
    "object_repr": "нештяк! от: 2023-11-24 00:29",
    "action_flag": 2,
    "change_message": "[{\"changed\": {\"fields\": [\"Tags\"]}}]"
  }
},
{
  "model": "admin.logentry",
  "pk": 45,
  "fields": {
    "action_time": "2023-11-29T06:49:09.325Z",
    "user": 1,
    "content_type": 8,
    "object_id": "5",
    "object_repr": "Ночной кошмар!!! от: 2023-11-26 21:35",
    "action_flag": 2,
    "change_message": "[{\"changed\": {\"fields\": [\"\\u041a\\u0430\\u0442\\u0435\\u0433\\u043e\\u0440\\u0438\\u0438\"]}}]"
  }
},
{
  "model": "admin.logentry",
  "pk": 46,
  "fields": {
    "action_time": "2023-11-29T06:49:22.399Z",
    "user": 1,
    "content_type": 8,
    "object_id": "4",
    "object_repr": "супперновость!! от: 2023-11-26 02:57",
    "action_flag": 2,
    "change_message": "[{\"changed\": {\"fields\": [\"Tags\"]}}]"
  }
},
{
  "model": "admin.logentry",
  "pk": 47,
  "fields": {
    "action_time": "2023-11-29T06:49:32.047Z",
    "user": 1,
    "content_type": 8,
    "object_id": "4",
    "object_repr": "супперновость!! от: 2023-11-26 02:57",
    "action_flag": 2,
    "change_message": "[{\"changed\": {\"fields\": [\"Tags\"]}}]"
  }
},
{
  "model": "admin.logentry",
  "pk": 48,
  "fields": {
    "action_time": "2023-11-29T06:49:50.607Z",
    "user": 1,
    "content_type": 8,
    "object_id": "2",
    "object_repr": "товар от: 2023-11-22 02:50",
    "action_flag": 2,
    "change_message": "[{\"changed\": {\"fields\": [\"Tags\"]}}]"
  }
},
{
  "model": "admin.logentry",
  "pk": 49,
  "fields": {
    "action_time": "2023-11-29T08:13:32.296Z",
    "user": 1,
    "content_type": 8,
    "object_id": "5",
    "object_repr": "Экологические  новости от: 2023-11-26 21:35",
    "action_flag": 2,
    "change_message": "[{\"changed\": {\"fields\": [\"\\u041d\\u0430\\u0437\\u0432\\u0430\\u043d\\u0438\\u0435\", \"\\u0410\\u043d\\u043d\\u043e\\u0442\\u0430\\u0446\\u0438\\u044f\", \"Tags\"]}}]"
  }
},
{
  "model": "admin.logentry",
  "pk": 50,
  "fields": {
    "action_time": "2023-11-29T08:14:13.904Z",
    "user": 1,
    "content_type": 8,
    "object_id": "3",
    "object_repr": "Научные новости от: 2023-11-24 00:29",
    "action_flag": 2,
    "change_message": "[{\"changed\": {\"fields\": [\"\\u041d\\u0430\\u0437\\u0432\\u0430\\u043d\\u0438\\u0435\", \"\\u0410\\u043d\\u043d\\u043e\\u0442\\u0430\\u0446\\u0438\\u044f\"]}}]"
  }
},
{
  "model": "admin.logentry",
  "pk": 51,
  "fields": {
    "action_time": "2023-11-29T08:14:50.368Z",
    "user": 1,
    "content_type": 8,
    "object_id": "4",
    "object_repr": "Айтишные новости от: 2023-11-26 02:57",
    "action_flag": 2,
    "change_message": "[{\"changed\": {\"fields\": [\"\\u041d\\u0430\\u0437\\u0432\\u0430\\u043d\\u0438\\u0435\", \"\\u0410\\u043d\\u043d\\u043e\\u0442\\u0430\\u0446\\u0438\\u044f\"]}}]"
  }
},
{
  "model": "admin.logentry",
  "pk": 52,
  "fields": {
    "action_time": "2023-11-29T08:15:22.446Z",
    "user": 1,
    "content_type": 10,
    "object_id": "5",
    "object_repr": "Economics",
    "action_flag": 1,
    "change_message": "[{\"added\": {}}]"
  }
},
{
  "model": "admin.logentry",
  "pk": 53,
  "fields": {
    "action_time": "2023-11-29T08:15:54.797Z",
    "user": 1,
    "content_type": 8,
    "object_id": "2",
    "object_repr": "Экономические новостишки от: 2023-11-22 02:50",
    "action_flag": 2,
    "change_message": "[{\"changed\": {\"fields\": [\"\\u041d\\u0430\\u0437\\u0432\\u0430\\u043d\\u0438\\u0435\", \"\\u0410\\u043d\\u043d\\u043e\\u0442\\u0430\\u0446\\u0438\\u044f\", \"Tags\"]}}]"
  }
},
{
  "model": "admin.logentry",
  "pk": 54,
  "fields": {
    "action_time": "2023-12-02T11:18:38.962Z",
    "user": 1,
    "content_type": 8,
    "object_id": "6",
    "object_repr": "Новости мира Игр от: 2023-12-02 14:18",
    "action_flag": 1,
    "change_message": "[{\"added\": {}}]"
  }
},
{
  "model": "admin.logentry",
  "pk": 55,
  "fields": {
    "action_time": "2023-12-02T11:26:20.153Z",
    "user": 1,
    "content_type": 8,
    "object_id": "6",
    "object_repr": "Новости мира Игр от: 2023-12-02 14:18",
    "action_flag": 2,
    "change_message": "[{\"changed\": {\"fields\": [\"Image\"]}}]"
  }
},
{
  "model": "admin.logentry",
  "pk": 56,
  "fields": {
    "action_time": "2023-12-02T14:17:32.095Z",
    "user": 1,
    "content_type": 8,
    "object_id": "7",
    "object_repr": "Осень, куда же ты?! от: 2023-12-02 17:16",
    "action_flag": 1,
    "change_message": "[{\"added\": {}}]"
  }
},
{
  "model": "admin.logentry",
  "pk": 57,
  "fields": {
    "action_time": "2023-12-02T21:19:39.865Z",
    "user": 1,
    "content_type": 8,
    "object_id": "4",
    "object_repr": "Айтишные новости от: 2023-11-26 02:57",
    "action_flag": 2,
    "change_message": "[{\"changed\": {\"fields\": [\"Account\"]}}]"
  }
},
{
  "model": "admin.logentry",
  "pk": 58,
  "fields": {
    "action_time": "2023-12-02T21:19:49.111Z",
    "user": 1,
    "content_type": 8,
    "object_id": "3",
    "object_repr": "Научные новости от: 2023-11-24 00:29",
    "action_flag": 2,
    "change_message": "[{\"changed\": {\"fields\": [\"Account\"]}}]"
  }
},
{
  "model": "admin.logentry",
  "pk": 59,
  "fields": {
    "action_time": "2023-12-02T21:19:59.659Z",
    "user": 1,
    "content_type": 8,
    "object_id": "6",
    "object_repr": "Новости мира Игр от: 2023-12-02 14:18",
    "action_flag": 2,
    "change_message": "[{\"changed\": {\"fields\": [\"Account\"]}}]"
  }
},
{
  "model": "admin.logentry",
  "pk": 60,
  "fields": {
    "action_time": "2023-12-02T21:20:06.085Z",
    "user": 1,
    "content_type": 8,
    "object_id": "6",
    "object_repr": "Новости мира Игр от: 2023-12-02 14:18",
    "action_flag": 2,
    "change_message": "[]"
  }
},
{
  "model": "admin.logentry",
  "pk": 61,
  "fields": {
    "action_time": "2023-12-02T21:20:13.230Z",
    "user": 1,
    "content_type": 8,
    "object_id": "7",
    "object_repr": "Осень, куда же ты?! от: 2023-12-02 17:16",
    "action_flag": 2,
    "change_message": "[{\"changed\": {\"fields\": [\"Account\"]}}]"
  }
},
{
  "model": "admin.logentry",
  "pk": 62,
  "fields": {
    "action_time": "2023-12-02T21:20:24.725Z",
    "user": 1,
    "content_type": 8,
    "object_id": "5",
    "object_repr": "Экологические  новости от: 2023-11-26 21:35",
    "action_flag": 2,
    "change_message": "[{\"changed\": {\"fields\": [\"Account\"]}}]"
  }
},
{
  "model": "admin.logentry",
  "pk": 63,
  "fields": {
    "action_time": "2023-12-02T21:20:31.920Z",
    "user": 1,
    "content_type": 8,
    "object_id": "2",
    "object_repr": "Экономические новостишки от: 2023-11-22 02:50",
    "action_flag": 2,
    "change_message": "[{\"changed\": {\"fields\": [\"Account\"]}}]"
  }
},
{
  "model": "admin.logentry",
  "pk": 64,
  "fields": {
    "action_time": "2023-12-02T21:53:43.267Z",
    "user": 1,
    "content_type": 9,
    "object_id": "2",
    "object_repr": "Testuser_1's account",
    "action_flag": 2,
    "change_message": "[{\"changed\": {\"fields\": [\"Account image\"]}}]"
  }
},
{
  "model": "admin.logentry",
  "pk": 65,
  "fields": {
    "action_time": "2023-12-02T21:56:49.317Z",
    "user": 1,
    "content_type": 9,
    "object_id": "2",
    "object_repr": "Testuser_1's account",
    "action_flag": 2,
    "change_message": "[{\"changed\": {\"fields\": [\"Account image\"]}}]"
  }
},
{
  "model": "admin.logentry",
  "pk": 66,
  "fields": {
    "action_time": "2023-12-02T22:10:34.634Z",
    "user": 1,
    "content_type": 9,
    "object_id": "2",
    "object_repr": "Testuser_1's account",
    "action_flag": 2,
    "change_message": "[{\"changed\": {\"fields\": [\"Account image\"]}}]"
  }
},
{
  "model": "admin.logentry",
  "pk": 67,
  "fields": {
    "action_time": "2023-12-02T23:02:22.945Z",
    "user": 1,
    "content_type": 9,
    "object_id": "1",
    "object_repr": "admin's account",
    "action_flag": 2,
    "change_message": "[{\"changed\": {\"fields\": [\"Account image\"]}}]"
  }
},
{
  "model": "admin.logentry",
  "pk": 68,
  "fields": {
    "action_time": "2023-12-02T23:02:41.932Z",
    "user": 1,
    "content_type": 9,
    "object_id": "2",
    "object_repr": "Testuser_1's account",
    "action_flag": 2,
    "change_message": "[{\"changed\": {\"fields\": [\"Account image\"]}}]"
  }
},
{
  "model": "admin.logentry",
  "pk": 69,
  "fields": {
    "action_time": "2023-12-02T23:05:54.805Z",
    "user": 1,
    "content_type": 9,
    "object_id": "2",
    "object_repr": "Testuser_1's account",
    "action_flag": 2,
    "change_message": "[{\"changed\": {\"fields\": [\"Account image\"]}}]"
  }
},
{
  "model": "admin.logentry",
  "pk": 70,
  "fields": {
    "action_time": "2023-12-02T23:12:29.190Z",
    "user": 1,
    "content_type": 9,
    "object_id": "1",
    "object_repr": "admin's account",
    "action_flag": 2,
    "change_message": "[{\"changed\": {\"fields\": [\"Nickname\"]}}]"
  }
},
{
  "model": "admin.logentry",
  "pk": 71,
  "fields": {
    "action_time": "2023-12-05T20:41:36.819Z",
    "user": 1,
    "content_type": 8,
    "object_id": "8",
    "object_repr": "eweqwe от: 2023-12-05 20:30",
    "action_flag": 3,
    "change_message": ""
  }
},
{
  "model": "admin.logentry",
  "pk": 72,
  "fields": {
    "action_time": "2023-12-05T20:41:36.827Z",
    "user": 1,
    "content_type": 8,
    "object_id": "9",
    "object_repr": "уйуйуйуйуй от: 2023-12-05 20:39",
    "action_flag": 3,
    "change_message": ""
  }
},
{
  "model": "admin.logentry",
  "pk": 73,
  "fields": {
    "action_time": "2023-12-05T20:44:51.076Z",
    "user": 1,
    "content_type": 8,
    "object_id": "10",
    "object_repr": "1234567890 от: 2023-12-05 20:42",
    "action_flag": 3,
    "change_message": ""
  }
},
{
  "model": "admin.logentry",
  "pk": 74,
  "fields": {
    "action_time": "2023-12-05T20:55:07.148Z",
    "user": 1,
    "content_type": 8,
    "object_id": "8",
    "object_repr": "789345789345789934 от: 2023-12-05 20:47",
    "action_flag": 3,
    "change_message": ""
  }
},
{
  "model": "admin.logentry",
  "pk": 75,
  "fields": {
    "action_time": "2023-12-05T21:08:56.686Z",
    "user": 1,
    "content_type": 8,
    "object_id": "9",
    "object_repr": "htkhkjthjrhjthe от: 2023-12-05 21:04",
    "action_flag": 3,
    "change_message": ""
  }
},
{
  "model": "admin.logentry",
  "pk": 76,
  "fields": {
    "action_time": "2023-12-05T21:17:29.933Z",
    "user": 1,
    "content_type": 8,
    "object_id": "10",
    "object_repr": "jgaj;lbjumnouotauoeb от: 2023-12-05 21:11",
    "action_flag": 3,
    "change_message": ""
  }
},
{
  "model": "admin.logentry",
  "pk": 77,
  "fields": {
    "action_time": "2023-12-07T20:07:06.745Z",
    "user": 1,
    "content_type": 9,
    "object_id": "1",
    "object_repr": "admin's account",
    "action_flag": 2,
    "change_message": "[{\"changed\": {\"fields\": [\"Nickname\"]}}]"
  }
},
{
  "model": "admin.logentry",
  "pk": 78,
  "fields": {
    "action_time": "2023-12-07T20:08:29.049Z",
    "user": 1,
    "content_type": 9,
    "object_id": "1",
    "object_repr": "admin's account",
    "action_flag": 2,
    "change_message": "[{\"changed\": {\"fields\": [\"Nickname\"]}}]"
  }
},
{
  "model": "admin.logentry",
  "pk": 79,
  "fields": {
    "action_time": "2023-12-07T20:10:04.637Z",
    "user": 1,
    "content_type": 9,
    "object_id": "1",
    "object_repr": "admin's account",
    "action_flag": 2,
    "change_message": "[{\"changed\": {\"fields\": [\"Nickname\"]}}]"
  }
},
{
  "model": "admin.logentry",
  "pk": 80,
  "fields": {
    "action_time": "2023-12-07T20:10:26.829Z",
    "user": 1,
    "content_type": 9,
    "object_id": "2",
    "object_repr": "Testuser_1's account",
    "action_flag": 2,
    "change_message": "[{\"changed\": {\"fields\": [\"Nickname\"]}}]"
  }
},
{
  "model": "admin.logentry",
  "pk": 81,
  "fields": {
    "action_time": "2023-12-08T13:33:58.323Z",
    "user": 1,
    "content_type": 9,
    "object_id": "1",
    "object_repr": "admin's account",
    "action_flag": 2,
    "change_message": "[{\"changed\": {\"fields\": [\"Nickname\"]}}]"
  }
},
{
  "model": "admin.logentry",
  "pk": 82,
  "fields": {
    "action_time": "2023-12-08T13:34:46.532Z",
    "user": 1,
    "content_type": 9,
    "object_id": "1",
    "object_repr": "admin's account",
    "action_flag": 2,
    "change_message": "[{\"changed\": {\"fields\": [\"Nickname\"]}}]"
  }
},
{
  "model": "admin.logentry",
  "pk": 83,
  "fields": {
    "action_time": "2023-12-09T20:17:53.441Z",
    "user": 1,
    "content_type": 11,
    "object_id": "1",
    "object_repr": "цуцуцуцуцуц",
    "action_flag": 1,
    "change_message": "[{\"added\": {}}]"
  }
},
{
  "model": "admin.logentry",
  "pk": 84,
  "fields": {
    "action_time": "2023-12-10T16:58:31.422Z",
    "user": 1,
    "content_type": 8,
    "object_id": "4",
    "object_repr": "Айтишные новости от: 2023-12-10 16:58",
    "action_flag": 2,
    "change_message": "[{\"added\": {\"name\": \"image\", \"object\": \"\\u0430\\u0439\\u0442\\u0438\\u0448\\u043d\\u044b\\u0439 \\u0432\\u0435\\u0447\\u0435\\u0440\"}}]"
  }
},
{
  "model": "admin.logentry",
  "pk": 85,
  "fields": {
    "action_time": "2023-12-10T17:00:28.820Z",
    "user": 1,
    "content_type": 8,
    "object_id": "3",
    "object_repr": "Научные новости от: 2023-12-10 17:00",
    "action_flag": 2,
    "change_message": "[{\"added\": {\"name\": \"image\", \"object\": \"\\u043d\\u043e\\u0447\\u043d\\u0430\\u044f  \\u0436\\u0438\\u0437\\u043d\\u044c\"}}, {\"added\": {\"name\": \"image\", \"object\": \"\\u0434\\u043e\\u043b\\u0438\\u043d\\u0430 \\u043c\\u043e\\u043b\\u043d\\u0438\\u0439\"}}]"
  }
},
{
  "model": "admin.logentry",
  "pk": 86,
  "fields": {
    "action_time": "2023-12-10T17:03:40.244Z",
    "user": 1,
    "content_type": 8,
    "object_id": "6",
    "object_repr": "Новости мира Игр от: 2023-12-10 17:03",
    "action_flag": 2,
    "change_message": "[{\"added\": {\"name\": \"image\", \"object\": \"\\u0431\\u0435\\u0433\\u0438!!!\"}}, {\"added\": {\"name\": \"image\", \"object\": \"\\u0441\\u043d\\u0438\\u043c\\u043e\\u043a \\u0441 \\u044d\\u043a\\u0440\\u0430\\u043d\\u0430\"}}, {\"added\": {\"name\": \"image\", \"object\": \"\\u043a\\u043e\\u0448\\u043c\\u0430\\u0440\"}}]"
  }
},
{
  "model": "admin.logentry",
  "pk": 87,
  "fields": {
    "action_time": "2023-12-10T17:04:48.852Z",
    "user": 1,
    "content_type": 8,
    "object_id": "7",
    "object_repr": "Осень, куда же ты?! от: 2023-12-10 17:04",
    "action_flag": 2,
    "change_message": "[{\"added\": {\"name\": \"image\", \"object\": \"\\u043e\\u0441\\u0435\\u043d\\u043d\\u044f\\u044f \\u043f\\u043e\\u0433\\u043e\\u0434\\u0430\"}}, {\"added\": {\"name\": \"image\", \"object\": \"\\u043d\\u0435 \\u0445\\u043e\\u0434\\u0438 \\u0442\\u0443\\u0434\\u0430!\"}}]"
  }
},
{
  "model": "admin.logentry",
  "pk": 88,
  "fields": {
    "action_time": "2023-12-10T17:07:41.316Z",
    "user": 1,
    "content_type": 8,
    "object_id": "5",
    "object_repr": "Экологические  новости от: 2023-12-10 17:07",
    "action_flag": 2,
    "change_message": "[{\"added\": {\"name\": \"image\", \"object\": \"\\u043e\\u0433\\u043e\\u043d\\u044c\"}}, {\"added\": {\"name\": \"image\", \"object\": \"\\u043a\\u043e\\u0448\\u0430\\u043a\"}}, {\"added\": {\"name\": \"image\", \"object\": \"\\u0443\\u0442\\u0440\\u0435\\u0446\\u043e\"}}]"
  }
},
{
  "model": "admin.logentry",
  "pk": 89,
  "fields": {
    "action_time": "2023-12-10T17:10:51.111Z",
    "user": 1,
    "content_type": 8,
    "object_id": "2",
    "object_repr": "Экономические новости от: 2023-12-10 17:10",
    "action_flag": 2,
    "change_message": "[{\"added\": {\"name\": \"image\", \"object\": \"\\u0433\\u043e\\u0433\\u043e\\u0433\\u043e!!!\"}}, {\"added\": {\"name\": \"image\", \"object\": \"\\u0441\\u0443\\u043c\\u043e\\u0447\\u043a\\u0430\"}}, {\"added\": {\"name\": \"image\", \"object\": \"\\u043e\\u043a\\u0442\\u043e\\u0431\\u0435\\u0440\\u0444\\u044d\\u0441\\u0442\"}}, {\"added\": {\"name\": \"image\", \"object\": \"\\u0432\\u0435\\u0447\\u0435\\u0440!\"}}]"
  }
},
{
  "model": "admin.logentry",
  "pk": 90,
  "fields": {
    "action_time": "2023-12-10T19:21:52.994Z",
    "user": 1,
    "content_type": 8,
    "object_id": "3",
    "object_repr": "Научные новости от: 2023-12-10 19:21",
    "action_flag": 2,
    "change_message": "[{\"changed\": {\"fields\": [\"Tags\"]}}]"
  }
},
{
  "model": "admin.logentry",
  "pk": 91,
  "fields": {
    "action_time": "2023-12-12T17:18:52.221Z",
    "user": 1,
    "content_type": 4,
    "object_id": "4",
    "object_repr": "Cyborguser_1",
    "action_flag": 2,
    "change_message": "[{\"changed\": {\"fields\": [\"Staff status\"]}}]"
  }
},
{
  "model": "admin.logentry",
  "pk": 92,
  "fields": {
    "action_time": "2023-12-12T17:26:01.268Z",
    "user": 1,
    "content_type": 4,
    "object_id": "4",
    "object_repr": "Cyborguser_1",
    "action_flag": 2,
    "change_message": "[]"
  }
},
{
  "model": "admin.logentry",
  "pk": 93,
  "fields": {
    "action_time": "2023-12-13T17:20:52.672Z",
    "user": 1,
    "content_type": 4,
    "object_id": "3",
    "object_repr": "Test_User_2",
    "action_flag": 2,
    "change_message": "[{\"changed\": {\"fields\": [\"Staff status\"]}}]"
  }
},
{
  "model": "admin.logentry",
  "pk": 94,
  "fields": {
    "action_time": "2023-12-13T17:21:03.328Z",
    "user": 1,
    "content_type": 4,
    "object_id": "2",
    "object_repr": "Testuser_1",
    "action_flag": 2,
    "change_message": "[{\"changed\": {\"fields\": [\"Staff status\"]}}]"
  }
},
{
  "model": "admin.logentry",
  "pk": 95,
  "fields": {
    "action_time": "2023-12-14T19:26:53.296Z",
    "user": 1,
    "content_type": 4,
    "object_id": "4",
    "object_repr": "Cyborguser_1",
    "action_flag": 3,
    "change_message": ""
  }
},
{
  "model": "admin.logentry",
  "pk": 96,
  "fields": {
    "action_time": "2023-12-14T20:37:15.867Z",
    "user": 1,
    "content_type": 3,
    "object_id": "1",
    "object_repr": "Authors",
    "action_flag": 1,
    "change_message": "[{\"added\": {}}]"
  }
},
{
  "model": "admin.logentry",
  "pk": 97,
  "fields": {
    "action_time": "2023-12-15T15:56:34.273Z",
    "user": 1,
    "content_type": 4,
    "object_id": "3",
    "object_repr": "Test_User_2",
    "action_flag": 2,
    "change_message": "[{\"changed\": {\"fields\": [\"Email address\"]}}]"
  }
},
{
  "model": "admin.logentry",
  "pk": 98,
  "fields": {
    "action_time": "2023-12-15T15:56:53.506Z",
    "user": 1,
    "content_type": 4,
    "object_id": "1",
    "object_repr": "admin",
    "action_flag": 2,
    "change_message": "[{\"changed\": {\"fields\": [\"Email address\"]}}]"
  }
},
{
  "model": "admin.logentry",
  "pk": 99,
  "fields": {
    "action_time": "2023-12-15T15:57:35.059Z",
    "user": 1,
    "content_type": 4,
    "object_id": "2",
    "object_repr": "Testuser_1",
    "action_flag": 2,
    "change_message": "[{\"changed\": {\"fields\": [\"Email address\"]}}]"
  }
},
{
  "model": "admin.logentry",
  "pk": 100,
  "fields": {
    "action_time": "2023-12-15T17:58:36.625Z",
    "user": 1,
    "content_type": 9,
    "object_id": "1",
    "object_repr": "admin's account",
    "action_flag": 2,
    "change_message": "[{\"changed\": {\"fields\": [\"Address\", \"Job\", \"Vk\", \"Telegram\", \"Phone\"]}}]"
  }
},
{
  "model": "admin.logentry",
  "pk": 101,
  "fields": {
    "action_time": "2023-12-15T18:00:30.405Z",
    "user": 1,
    "content_type": 9,
    "object_id": "2",
    "object_repr": "Testuser_1's account",
    "action_flag": 2,
    "change_message": "[{\"changed\": {\"fields\": [\"Address\", \"Job\", \"Vk\", \"Telegram\", \"Phone\"]}}]"
  }
},
{
  "model": "admin.logentry",
  "pk": 102,
  "fields": {
    "action_time": "2023-12-15T18:01:46.505Z",
    "user": 1,
    "content_type": 9,
    "object_id": "3",
    "object_repr": "Test_User_2's account",
    "action_flag": 2,
    "change_message": "[{\"changed\": {\"fields\": [\"Address\", \"Job\", \"Vk\", \"Telegram\", \"Phone\"]}}]"
  }
},
{
  "model": "admin.logentry",
  "pk": 103,
  "fields": {
    "action_time": "2023-12-15T18:26:29.057Z",
    "user": 1,
    "content_type": 9,
    "object_id": "3",
    "object_repr": "Test_User_2's account",
    "action_flag": 2,
    "change_message": "[{\"changed\": {\"fields\": [\"Vk\", \"Telegram\"]}}]"
  }
},
{
  "model": "admin.logentry",
  "pk": 104,
  "fields": {
    "action_time": "2023-12-15T18:33:48.453Z",
    "user": 1,
    "content_type": 9,
    "object_id": "2",
    "object_repr": "Testuser_1's account",
    "action_flag": 2,
    "change_message": "[{\"changed\": {\"fields\": [\"Vk\", \"Telegram\"]}}]"
  }
},
{
  "model": "admin.logentry",
  "pk": 105,
  "fields": {
    "action_time": "2023-12-17T17:22:04.079Z",
    "user": 1,
    "content_type": 4,
    "object_id": "5",
    "object_repr": "Cyborguser_1",
    "action_flag": 3,
    "change_message": ""
  }
},
{
  "model": "admin.logentry",
  "pk": 106,
  "fields": {
    "action_time": "2023-12-17T17:33:47.375Z",
    "user": 1,
    "content_type": 4,
    "object_id": "3",
    "object_repr": "Test_User_2",
    "action_flag": 3,
    "change_message": ""
  }
},
{
  "model": "admin.logentry",
  "pk": 107,
  "fields": {
    "action_time": "2023-12-17T17:33:47.382Z",
    "user": 1,
    "content_type": 4,
    "object_id": "2",
    "object_repr": "Testuser_1",
    "action_flag": 3,
    "change_message": ""
  }
},
{
  "model": "admin.logentry",
  "pk": 108,
  "fields": {
    "action_time": "2023-12-17T19:07:05.898Z",
    "user": 1,
    "content_type": 8,
    "object_id": "4",
    "object_repr": "Айтишные новости от: 2023-12-17 19:07",
    "action_flag": 2,
    "change_message": "[{\"changed\": {\"fields\": [\"Author\", \"Account\"]}}]"
  }
},
{
  "model": "admin.logentry",
  "pk": 109,
  "fields": {
    "action_time": "2023-12-17T19:07:41.445Z",
    "user": 1,
    "content_type": 8,
    "object_id": "6",
    "object_repr": "Новости мира Игр от: 2023-12-17 19:07",
    "action_flag": 2,
    "change_message": "[{\"changed\": {\"fields\": [\"Author\", \"Account\"]}}]"
  }
},
{
  "model": "admin.logentry",
  "pk": 110,
  "fields": {
    "action_time": "2023-12-17T19:08:02.802Z",
    "user": 1,
    "content_type": 8,
    "object_id": "7",
    "object_repr": "Осень, куда же ты?! от: 2023-12-17 19:08",
    "action_flag": 2,
    "change_message": "[{\"changed\": {\"fields\": [\"Author\", \"Account\"]}}]"
  }
},
{
  "model": "admin.logentry",
  "pk": 111,
  "fields": {
    "action_time": "2023-12-17T19:08:36.265Z",
    "user": 1,
    "content_type": 8,
    "object_id": "5",
    "object_repr": "Экологические  новости от: 2023-12-17 19:08",
    "action_flag": 2,
    "change_message": "[{\"changed\": {\"fields\": [\"Author\", \"Account\"]}}]"
  }
},
{
  "model": "admin.logentry",
  "pk": 112,
  "fields": {
    "action_time": "2023-12-17T19:09:03.292Z",
    "user": 1,
    "content_type": 8,
    "object_id": "2",
    "object_repr": "Экономические новости от: 2023-12-17 19:09",
    "action_flag": 2,
    "change_message": "[{\"changed\": {\"fields\": [\"Author\", \"Account\"]}}]"
  }
},
{
  "model": "admin.logentry",
  "pk": 113,
  "fields": {
    "action_time": "2023-12-17T19:09:55.344Z",
    "user": 1,
    "content_type": 8,
    "object_id": "14",
    "object_repr": "руцуйцнг от: 2023-12-17 19:09",
    "action_flag": 2,
    "change_message": "[{\"changed\": {\"fields\": [\"Author\", \"Account\"]}}]"
  }
},
{
  "model": "admin.logentry",
  "pk": 114,
  "fields": {
    "action_time": "2023-12-19T16:33:33.096Z",
    "user": 1,
    "content_type": 3,
    "object_id": "2",
    "object_repr": "Actions Required",
    "action_flag": 1,
    "change_message": "[{\"added\": {}}]"
  }
},
{
  "model": "admin.logentry",
  "pk": 115,
  "fields": {
    "action_time": "2023-12-19T17:01:43.310Z",
    "user": 1,
    "content_type": 3,
    "object_id": "3",
    "object_repr": "Reader",
    "action_flag": 1,
    "change_message": "[{\"added\": {}}]"
  }
},
{
  "model": "admin.logentry",
  "pk": 116,
  "fields": {
    "action_time": "2023-12-19T19:07:59.350Z",
    "user": 1,
    "content_type": 4,
    "object_id": "9",
    "object_repr": "Dudo",
    "action_flag": 3,
    "change_message": ""
  }
},
{
  "model": "admin.logentry",
  "pk": 117,
  "fields": {
    "action_time": "2023-12-19T19:20:25.270Z",
    "user": 1,
    "content_type": 4,
    "object_id": "10",
    "object_repr": "Dudo",
    "action_flag": 3,
    "change_message": ""
  }
},
{
  "model": "admin.logentry",
  "pk": 118,
  "fields": {
    "action_time": "2023-12-19T19:34:51.752Z",
    "user": 1,
    "content_type": 4,
    "object_id": "11",
    "object_repr": "Dudo",
    "action_flag": 3,
    "change_message": ""
  }
},
{
  "model": "admin.logentry",
  "pk": 119,
  "fields": {
    "action_time": "2023-12-19T19:37:41.856Z",
    "user": 1,
    "content_type": 4,
    "object_id": "12",
    "object_repr": "Dudo",
    "action_flag": 3,
    "change_message": ""
  }
},
{
  "model": "admin.logentry",
  "pk": 120,
  "fields": {
    "action_time": "2023-12-19T19:56:03.393Z",
    "user": 1,
    "content_type": 4,
    "object_id": "13",
    "object_repr": "Ruru",
    "action_flag": 3,
    "change_message": ""
  }
},
{
  "model": "admin.logentry",
  "pk": 121,
  "fields": {
    "action_time": "2023-12-19T20:01:07.091Z",
    "user": 1,
    "content_type": 4,
    "object_id": "14",
    "object_repr": "Dudo",
    "action_flag": 2,
    "change_message": "[{\"changed\": {\"fields\": [\"Groups\"]}}]"
  }
},
{
  "model": "admin.logentry",
  "pk": 122,
  "fields": {
    "action_time": "2023-12-19T21:42:14.483Z",
    "user": 1,
    "content_type": 4,
    "object_id": "14",
    "object_repr": "Dudo",
    "action_flag": 2,
    "change_message": "[{\"changed\": {\"fields\": [\"Groups\"]}}]"
  }
},
{
  "model": "admin.logentry",
  "pk": 123,
  "fields": {
    "action_time": "2023-12-20T18:43:51.905Z",
    "user": 1,
    "content_type": 4,
    "object_id": "14",
    "object_repr": "Dudo",
    "action_flag": 2,
    "change_message": "[{\"changed\": {\"fields\": [\"Groups\"]}}]"
  }
},
{
  "model": "admin.logentry",
  "pk": 124,
  "fields": {
    "action_time": "2023-12-21T17:36:22.963Z",
    "user": 1,
    "content_type": 4,
    "object_id": "1",
    "object_repr": "admin",
    "action_flag": 2,
    "change_message": "[{\"changed\": {\"fields\": [\"Groups\"]}}]"
  }
},
{
  "model": "admin.logentry",
  "pk": 125,
  "fields": {
    "action_time": "2023-12-21T20:40:41.922Z",
    "user": 1,
    "content_type": 4,
    "object_id": "14",
    "object_repr": "Dudo",
    "action_flag": 3,
    "change_message": ""
  }
},
{
  "model": "admin.logentry",
  "pk": 126,
  "fields": {
    "action_time": "2023-12-21T21:23:39.411Z",
    "user": 1,
    "content_type": 4,
    "object_id": "15",
    "object_repr": "Dudo",
    "action_flag": 2,
    "change_message": "[{\"changed\": {\"fields\": [\"Groups\"]}}]"
  }
},
{
  "model": "admin.logentry",
  "pk": 127,
  "fields": {
    "action_time": "2023-12-21T21:24:20.649Z",
    "user": 1,
    "content_type": 8,
    "object_id": "6",
    "object_repr": "Новости мира Игр от: 2023-12-21 21:24",
    "action_flag": 2,
    "change_message": "[{\"changed\": {\"fields\": [\"Author\", \"Account\"]}}]"
  }
},
{
  "model": "admin.logentry",
  "pk": 128,
  "fields": {
    "action_time": "2023-12-21T21:24:44.442Z",
    "user": 1,
    "content_type": 8,
    "object_id": "14",
    "object_repr": "руцуйцнг от: 2023-12-21 21:24",
    "action_flag": 2,
    "change_message": "[{\"changed\": {\"fields\": [\"Author\", \"Account\"]}}]"
  }
},
{
  "model": "admin.logentry",
  "pk": 129,
  "fields": {
    "action_time": "2023-12-21T21:30:56.420Z",
    "user": 1,
    "content_type": 8,
    "object_id": "6",
    "object_repr": "Новости мира Игр от: 2023-12-21 21:30",
    "action_flag": 2,
    "change_message": "[]"
  }
},
{
  "model": "admin.logentry",
  "pk": 130,
  "fields": {
    "action_time": "2023-12-21T21:32:10.945Z",
    "user": 1,
    "content_type": 4,
    "object_id": "1",
    "object_repr": "admin",
    "action_flag": 2,
    "change_message": "[{\"changed\": {\"fields\": [\"Groups\"]}}]"
  }
},
{
  "model": "admin.logentry",
  "pk": 131,
  "fields": {
    "action_time": "2023-12-21T21:32:57.273Z",
    "user": 1,
    "content_type": 8,
    "object_id": "6",
    "object_repr": "Новости мира Игр от: 2023-12-21 21:32",
    "action_flag": 2,
    "change_message": "[]"
  }
},
{
  "model": "admin.logentry",
  "pk": 132,
  "fields": {
    "action_time": "2023-12-21T21:46:43.707Z",
    "user": 1,
    "content_type": 4,
    "object_id": "15",
    "object_repr": "Dudo",
    "action_flag": 3,
    "change_message": ""
  }
},
{
  "model": "admin.logentry",
  "pk": 133,
  "fields": {
    "action_time": "2023-12-21T21:49:02.920Z",
    "user": 1,
    "content_type": 4,
    "object_id": "16",
    "object_repr": "Dudo",
    "action_flag": 2,
    "change_message": "[{\"changed\": {\"fields\": [\"Groups\"]}}]"
  }
},
{
  "model": "admin.logentry",
  "pk": 134,
  "fields": {
    "action_time": "2023-12-21T21:49:26.154Z",
    "user": 1,
    "content_type": 8,
    "object_id": "6",
    "object_repr": "Новости мира Игр от: 2023-12-21 21:49",
    "action_flag": 2,
    "change_message": "[{\"changed\": {\"fields\": [\"Author\", \"Account\"]}}]"
  }
},
{
  "model": "admin.logentry",
  "pk": 135,
  "fields": {
    "action_time": "2023-12-21T21:52:42.069Z",
    "user": 1,
    "content_type": 4,
    "object_id": "1",
    "object_repr": "admin",
    "action_flag": 2,
    "change_message": "[{\"changed\": {\"fields\": [\"Groups\"]}}]"
  }
},
{
  "model": "admin.logentry",
  "pk": 136,
  "fields": {
    "action_time": "2023-12-21T21:53:15.461Z",
    "user": 1,
    "content_type": 8,
    "object_id": "6",
    "object_repr": "Новости мира Игр от: 2023-12-21 21:53",
    "action_flag": 2,
    "change_message": "[]"
  }
},
{
  "model": "admin.logentry",
  "pk": 137,
  "fields": {
    "action_time": "2023-12-22T14:55:26.406Z",
    "user": 1,
    "content_type": 4,
    "object_id": "16",
    "object_repr": "Dudo",
    "action_flag": 3,
    "change_message": ""
  }
},
{
  "model": "admin.logentry",
  "pk": 138,
  "fields": {
    "action_time": "2023-12-22T23:34:01.460Z",
    "user": 1,
    "content_type": 8,
    "object_id": "6",
    "object_repr": "Новости мира Игр от: 2023-12-22 23:34",
    "action_flag": 2,
    "change_message": "[{\"changed\": {\"fields\": [\"Author\"]}}]"
  }
},
{
  "model": "admin.logentry",
  "pk": 139,
  "fields": {
    "action_time": "2023-12-22T23:34:22.561Z",
    "user": 1,
    "content_type": 8,
    "object_id": "14",
    "object_repr": "руцуйцнг от: 2023-12-22 23:34",
    "action_flag": 2,
    "change_message": "[{\"changed\": {\"fields\": [\"Author\"]}}]"
  }
},
{
  "model": "admin.logentry",
  "pk": 140,
  "fields": {
    "action_time": "2023-12-23T16:03:51.783Z",
    "user": 1,
    "content_type": 13,
    "object_id": "8",
    "object_repr": "FavoriteArticle object (8)",
    "action_flag": 3,
    "change_message": ""
  }
},
{
  "model": "admin.logentry",
  "pk": 141,
  "fields": {
    "action_time": "2023-12-23T16:03:51.791Z",
    "user": 1,
    "content_type": 13,
    "object_id": "7",
    "object_repr": "FavoriteArticle object (7)",
    "action_flag": 3,
    "change_message": ""
  }
},
{
  "model": "admin.logentry",
  "pk": 142,
  "fields": {
    "action_time": "2023-12-23T16:03:51.797Z",
    "user": 1,
    "content_type": 13,
    "object_id": "5",
    "object_repr": "FavoriteArticle object (5)",
    "action_flag": 3,
    "change_message": ""
  }
},
{
  "model": "admin.logentry",
  "pk": 143,
  "fields": {
    "action_time": "2023-12-23T16:24:22.384Z",
    "user": 1,
    "content_type": 13,
    "object_id": "9",
    "object_repr": "FavoriteArticle object (9)",
    "action_flag": 3,
    "change_message": ""
  }
},
{
  "model": "admin.logentry",
  "pk": 144,
  "fields": {
    "action_time": "2023-12-23T20:07:03.214Z",
    "user": 1,
    "content_type": 13,
    "object_id": "21",
    "object_repr": "FavoriteArticle object (21)",
    "action_flag": 3,
    "change_message": ""
  }
},
{
  "model": "admin.logentry",
  "pk": 145,
  "fields": {
    "action_time": "2023-12-23T20:40:55.417Z",
    "user": 1,
    "content_type": 4,
    "object_id": "1",
    "object_repr": "admin",
    "action_flag": 2,
    "change_message": "[{\"changed\": {\"fields\": [\"Groups\"]}}]"
  }
},
{
  "model": "admin.logentry",
  "pk": 146,
  "fields": {
    "action_time": "2023-12-24T21:12:08.729Z",
    "user": 1,
    "content_type": 4,
    "object_id": "1",
    "object_repr": "admin",
    "action_flag": 2,
    "change_message": "[{\"changed\": {\"fields\": [\"Groups\"]}}]"
  }
},
{
  "model": "admin.logentry",
  "pk": 147,
  "fields": {
    "action_time": "2023-12-25T00:31:20.577Z",
    "user": 1,
    "content_type": 4,
    "object_id": "1",
    "object_repr": "admin",
    "action_flag": 2,
    "change_message": "[{\"changed\": {\"fields\": [\"Groups\"]}}]"
  }
},
{
  "model": "admin.logentry",
  "pk": 148,
  "fields": {
    "action_time": "2023-12-25T16:14:59.005Z",
    "user": 1,
    "content_type": 4,
    "object_id": "1",
    "object_repr": "admin",
    "action_flag": 2,
    "change_message": "[{\"changed\": {\"fields\": [\"Groups\"]}}]"
  }
},
{
  "model": "auth.permission",
  "pk": 1,
  "fields": {
    "name": "Can add log entry",
    "content_type": 1,
    "codename": "add_logentry"
  }
},
{
  "model": "auth.permission",
  "pk": 2,
  "fields": {
    "name": "Can change log entry",
    "content_type": 1,
    "codename": "change_logentry"
  }
},
{
  "model": "auth.permission",
  "pk": 3,
  "fields": {
    "name": "Can delete log entry",
    "content_type": 1,
    "codename": "delete_logentry"
  }
},
{
  "model": "auth.permission",
  "pk": 4,
  "fields": {
    "name": "Can view log entry",
    "content_type": 1,
    "codename": "view_logentry"
  }
},
{
  "model": "auth.permission",
  "pk": 5,
  "fields": {
    "name": "Can add permission",
    "content_type": 2,
    "codename": "add_permission"
  }
},
{
  "model": "auth.permission",
  "pk": 6,
  "fields": {
    "name": "Can change permission",
    "content_type": 2,
    "codename": "change_permission"
  }
},
{
  "model": "auth.permission",
  "pk": 7,
  "fields": {
    "name": "Can delete permission",
    "content_type": 2,
    "codename": "delete_permission"
  }
},
{
  "model": "auth.permission",
  "pk": 8,
  "fields": {
    "name": "Can view permission",
    "content_type": 2,
    "codename": "view_permission"
  }
},
{
  "model": "auth.permission",
  "pk": 9,
  "fields": {
    "name": "Can add group",
    "content_type": 3,
    "codename": "add_group"
  }
},
{
  "model": "auth.permission",
  "pk": 10,
  "fields": {
    "name": "Can change group",
    "content_type": 3,
    "codename": "change_group"
  }
},
{
  "model": "auth.permission",
  "pk": 11,
  "fields": {
    "name": "Can delete group",
    "content_type": 3,
    "codename": "delete_group"
  }
},
{
  "model": "auth.permission",
  "pk": 12,
  "fields": {
    "name": "Can view group",
    "content_type": 3,
    "codename": "view_group"
  }
},
{
  "model": "auth.permission",
  "pk": 13,
  "fields": {
    "name": "Can add user",
    "content_type": 4,
    "codename": "add_user"
  }
},
{
  "model": "auth.permission",
  "pk": 14,
  "fields": {
    "name": "Can change user",
    "content_type": 4,
    "codename": "change_user"
  }
},
{
  "model": "auth.permission",
  "pk": 15,
  "fields": {
    "name": "Can delete user",
    "content_type": 4,
    "codename": "delete_user"
  }
},
{
  "model": "auth.permission",
  "pk": 16,
  "fields": {
    "name": "Can view user",
    "content_type": 4,
    "codename": "view_user"
  }
},
{
  "model": "auth.permission",
  "pk": 17,
  "fields": {
    "name": "Can add content type",
    "content_type": 5,
    "codename": "add_contenttype"
  }
},
{
  "model": "auth.permission",
  "pk": 18,
  "fields": {
    "name": "Can change content type",
    "content_type": 5,
    "codename": "change_contenttype"
  }
},
{
  "model": "auth.permission",
  "pk": 19,
  "fields": {
    "name": "Can delete content type",
    "content_type": 5,
    "codename": "delete_contenttype"
  }
},
{
  "model": "auth.permission",
  "pk": 20,
  "fields": {
    "name": "Can view content type",
    "content_type": 5,
    "codename": "view_contenttype"
  }
},
{
  "model": "auth.permission",
  "pk": 21,
  "fields": {
    "name": "Can add session",
    "content_type": 6,
    "codename": "add_session"
  }
},
{
  "model": "auth.permission",
  "pk": 22,
  "fields": {
    "name": "Can change session",
    "content_type": 6,
    "codename": "change_session"
  }
},
{
  "model": "auth.permission",
  "pk": 23,
  "fields": {
    "name": "Can delete session",
    "content_type": 6,
    "codename": "delete_session"
  }
},
{
  "model": "auth.permission",
  "pk": 24,
  "fields": {
    "name": "Can view session",
    "content_type": 6,
    "codename": "view_session"
  }
},
{
  "model": "auth.permission",
  "pk": 25,
  "fields": {
    "name": "Can add demo",
    "content_type": 7,
    "codename": "add_demo"
  }
},
{
  "model": "auth.permission",
  "pk": 26,
  "fields": {
    "name": "Can change demo",
    "content_type": 7,
    "codename": "change_demo"
  }
},
{
  "model": "auth.permission",
  "pk": 27,
  "fields": {
    "name": "Can delete demo",
    "content_type": 7,
    "codename": "delete_demo"
  }
},
{
  "model": "auth.permission",
  "pk": 28,
  "fields": {
    "name": "Can view demo",
    "content_type": 7,
    "codename": "view_demo"
  }
},
{
  "model": "auth.permission",
  "pk": 29,
  "fields": {
    "name": "Can add Новость",
    "content_type": 8,
    "codename": "add_article"
  }
},
{
  "model": "auth.permission",
  "pk": 30,
  "fields": {
    "name": "Can change Новость",
    "content_type": 8,
    "codename": "change_article"
  }
},
{
  "model": "auth.permission",
  "pk": 31,
  "fields": {
    "name": "Can delete Новость",
    "content_type": 8,
    "codename": "delete_article"
  }
},
{
  "model": "auth.permission",
  "pk": 32,
  "fields": {
    "name": "Can view Новость",
    "content_type": 8,
    "codename": "view_article"
  }
},
{
  "model": "auth.permission",
  "pk": 33,
  "fields": {
    "name": "Can add account",
    "content_type": 9,
    "codename": "add_account"
  }
},
{
  "model": "auth.permission",
  "pk": 34,
  "fields": {
    "name": "Can change account",
    "content_type": 9,
    "codename": "change_account"
  }
},
{
  "model": "auth.permission",
  "pk": 35,
  "fields": {
    "name": "Can delete account",
    "content_type": 9,
    "codename": "delete_account"
  }
},
{
  "model": "auth.permission",
  "pk": 36,
  "fields": {
    "name": "Can view account",
    "content_type": 9,
    "codename": "view_account"
  }
},
{
  "model": "auth.permission",
  "pk": 37,
  "fields": {
    "name": "Can add Тэг",
    "content_type": 10,
    "codename": "add_tag"
  }
},
{
  "model": "auth.permission",
  "pk": 38,
  "fields": {
    "name": "Can change Тэг",
    "content_type": 10,
    "codename": "change_tag"
  }
},
{
  "model": "auth.permission",
  "pk": 39,
  "fields": {
    "name": "Can delete Тэг",
    "content_type": 10,
    "codename": "delete_tag"
  }
},
{
  "model": "auth.permission",
  "pk": 40,
  "fields": {
    "name": "Can view Тэг",
    "content_type": 10,
    "codename": "view_tag"
  }
},
{
  "model": "auth.permission",
  "pk": 41,
  "fields": {
    "name": "Can add image",
    "content_type": 11,
    "codename": "add_image"
  }
},
{
  "model": "auth.permission",
  "pk": 42,
  "fields": {
    "name": "Can change image",
    "content_type": 11,
    "codename": "change_image"
  }
},
{
  "model": "auth.permission",
  "pk": 43,
  "fields": {
    "name": "Can delete image",
    "content_type": 11,
    "codename": "delete_image"
  }
},
{
  "model": "auth.permission",
  "pk": 44,
  "fields": {
    "name": "Can view image",
    "content_type": 11,
    "codename": "view_image"
  }
},
{
  "model": "auth.permission",
  "pk": 45,
  "fields": {
    "name": "Can add view count",
    "content_type": 12,
    "codename": "add_viewcount"
  }
},
{
  "model": "auth.permission",
  "pk": 46,
  "fields": {
    "name": "Can change view count",
    "content_type": 12,
    "codename": "change_viewcount"
  }
},
{
  "model": "auth.permission",
  "pk": 47,
  "fields": {
    "name": "Can delete view count",
    "content_type": 12,
    "codename": "delete_viewcount"
  }
},
{
  "model": "auth.permission",
  "pk": 48,
  "fields": {
    "name": "Can view view count",
    "content_type": 12,
    "codename": "view_viewcount"
  }
},
{
  "model": "auth.permission",
  "pk": 49,
  "fields": {
    "name": "Can add favorite article",
    "content_type": 13,
    "codename": "add_favoritearticle"
  }
},
{
  "model": "auth.permission",
  "pk": 50,
  "fields": {
    "name": "Can change favorite article",
    "content_type": 13,
    "codename": "change_favoritearticle"
  }
},
{
  "model": "auth.permission",
  "pk": 51,
  "fields": {
    "name": "Can delete favorite article",
    "content_type": 13,
    "codename": "delete_favoritearticle"
  }
},
{
  "model": "auth.permission",
  "pk": 52,
  "fields": {
    "name": "Can view favorite article",
    "content_type": 13,
    "codename": "view_favoritearticle"
  }
},
{
  "model": "auth.group",
  "pk": 1,
  "fields": {
    "name": "Authors",
    "permissions": [
      29,
      30,
      31,
      32,
      41,
      42,
      43,
      44,
      37,
      38,
      39,
      40
    ]
  }
},
{
  "model": "auth.group",
  "pk": 2,
  "fields": {
    "name": "Actions Required",
    "permissions": [
      14,
      16,
      32,
      44,
      40,
      34,
      36
    ]
  }
},
{
  "model": "auth.group",
  "pk": 3,
  "fields": {
    "name": "Reader",
    "permissions": [
      14,
      16,
      32,
      44,
      40,
      34,
      36
    ]
  }
},
{
  "model": "auth.user",
  "pk": 1,
  "fields": {
    "password": "pbkdf2_sha256$600000$JdG2Mfc22dCLalIkaQbW1B$A5Tyge2BSP/YYBe8jHmGPsNblA1arCmYix2PWjhRIGg=",
    "last_login": "2023-12-25T16:14:27Z",
    "is_superuser": true,
    "username": "admin",
    "first_name": "Александр",
    "last_name": "",
    "email": "",
    "is_staff": true,
    "is_active": true,
    "date_joined": "2023-11-20T17:24:43Z",
    "groups": [
      1
    ],
    "user_permissions": []
  }
},
{
  "model": "auth.user",
  "pk": 6,
  "fields": {
    "password": "pbkdf2_sha256$600000$jnKVv96XSeV7joNxPCcIAs$JM2DB7HBpiao2OptobGa8eezcFN5ekMXQZeoUFke2Ag=",
    "last_login": "2023-12-17T17:37:39.288Z",
    "is_superuser": false,
    "username": "Cyborguser_1",
    "first_name": "Milena",
    "last_name": "Ghost",
    "email": "er8tr9et8r9e98@mail.ru",
    "is_staff": false,
    "is_active": true,
    "date_joined": "2023-12-17T17:23:47.865Z",
    "groups": [
      1
    ],
    "user_permissions": []
  }
},
{
  "model": "auth.user",
  "pk": 7,
  "fields": {
    "password": "pbkdf2_sha256$600000$GrVGppudY7c4UNcOSM7tO6$Cvlyp37CUP3aqyJdW6KyxRwPH4ExDpemeFtZjb29Eds=",
    "last_login": "2023-12-17T17:50:10.428Z",
    "is_superuser": false,
    "username": "ietvoes",
    "first_name": "Марина",
    "last_name": "Вампирова",
    "email": "g87gfh87g8j78g8cvf@mail.ru",
    "is_staff": false,
    "is_active": true,
    "date_joined": "2023-12-17T17:50:09.330Z",
    "groups": [
      1
    ],
    "user_permissions": []
  }
},
{
  "model": "auth.user",
  "pk": 8,
  "fields": {
    "password": "pbkdf2_sha256$600000$Vrt5uvz3gDI2RRfm5ek76a$gSMZEtx/CjkA3DE3JYzej07dEaOuHVUuaPHOAgdPTXU=",
    "last_login": "2023-12-17T17:59:14.898Z",
    "is_superuser": false,
    "username": "Testuser_1",
    "first_name": "Василий",
    "last_name": "Абрамов",
    "email": "bcpvbpcvb8c7vb5c675b7cv57@mail.ru",
    "is_staff": false,
    "is_active": true,
    "date_joined": "2023-12-17T17:59:13.823Z",
    "groups": [
      1
    ],
    "user_permissions": []
  }
},
{
  "model": "auth.user",
  "pk": 17,
  "fields": {
    "password": "pbkdf2_sha256$600000$5WgckS7j5Z36d23mG2lFeR$kSYx4Vyzc6mI4mmT3sGuFqBlXbzC49paCw9FMrvUfTI=",
    "last_login": "2023-12-22T14:56:33.186Z",
    "is_superuser": false,
    "username": "Dudo",
    "first_name": "",
    "last_name": "",
    "email": "",
    "is_staff": false,
    "is_active": true,
    "date_joined": "2023-12-22T14:56:32.069Z",
    "groups": [
      3
    ],
    "user_permissions": []
  }
},
{
  "model": "contenttypes.contenttype",
  "pk": 1,
  "fields": {
    "app_label": "admin",
    "model": "logentry"
  }
},
{
  "model": "contenttypes.contenttype",
  "pk": 2,
  "fields": {
    "app_label": "auth",
    "model": "permission"
  }
},
{
  "model": "contenttypes.contenttype",
  "pk": 3,
  "fields": {
    "app_label": "auth",
    "model": "group"
  }
},
{
  "model": "contenttypes.contenttype",
  "pk": 4,
  "fields": {
    "app_label": "auth",
    "model": "user"
  }
},
{
  "model": "contenttypes.contenttype",
  "pk": 5,
  "fields": {
    "app_label": "contenttypes",
    "model": "contenttype"
  }
},
{
  "model": "contenttypes.contenttype",
  "pk": 6,
  "fields": {
    "app_label": "sessions",
    "model": "session"
  }
},
{
  "model": "contenttypes.contenttype",
  "pk": 7,
  "fields": {
    "app_label": "main",
    "model": "demo"
  }
},
{
  "model": "contenttypes.contenttype",
  "pk": 8,
  "fields": {
    "app_label": "news",
    "model": "article"
  }
},
{
  "model": "contenttypes.contenttype",
  "pk": 9,
  "fields": {
    "app_label": "users",
    "model": "account"
  }
},
{
  "model": "contenttypes.contenttype",
  "pk": 10,
  "fields": {
    "app_label": "news",
    "model": "tag"
  }
},
{
  "model": "contenttypes.contenttype",
  "pk": 11,
  "fields": {
    "app_label": "news",
    "model": "image"
  }
},
{
  "model": "contenttypes.contenttype",
  "pk": 12,
  "fields": {
    "app_label": "news",
    "model": "viewcount"
  }
},
{
  "model": "contenttypes.contenttype",
  "pk": 13,
  "fields": {
    "app_label": "users",
    "model": "favoritearticle"
  }
},
{
  "model": "sessions.session",
  "pk": "3ixeurc40n1s955fmzycrhce305t4qg3",
  "fields": {
    "session_data": ".eJxVjMEOwiAQBf-FsyHAQgGP3v0GwsIiVQNJaU_Gf9cmPej1zcx7sRC3tYZt0BLmzM5MstPvhjE9qO0g32O7dZ56W5cZ-a7wgw5-7Zmel8P9O6hx1G9tMMlSXJFiKiYrg156wEkDkPCIIBSQJa1d0qQk5OSiMGS1jc5qKIm9P97gN6I:1rHnb1:VHj71k4B5HkhN_GxxR_GuiWht4lpI8Q5v24BBdDMFBU",
    "expire_date": "2024-01-08T16:14:27.250Z"
  }
},
{
  "model": "sessions.session",
  "pk": "9vby3i8wizu9a4khknm9wglvj933lsy8",
  "fields": {
    "session_data": ".eJxVjDsOwjAUBO_iGln-xgolPWew7PV7OIBiKU4qxN0hUgpod2b2JWLa1hq3TkucijgL7cTpd8wJD5p3Uu5pvjWJNq_LlOWuyIN2eW2FnpfD_Tuoqddv7ZQKhMBlDLboIfvkDRSI4UYGjAGUDw4mO9iRrdEgkGHyQ-HMSbw_Iww5eg:1rGOPX:ac617JfOhlO9c7h2Fw_6pCJ4yGKoXYjq0x06KArJkjI",
    "expire_date": "2024-01-04T19:08:47.185Z"
  }
},
{
  "model": "sessions.session",
  "pk": "mo59hyxp222494kpq1bwixh0kewmka3d",
  "fields": {
    "session_data": ".eJxVjMsOwiAQRf-FtSHlURhcuvcbyDAMUjU0Ke3K-O_apAvd3nPOfYmI21rj1nmJUxZnocTpd0tID247yHdst1nS3NZlSnJX5EG7vM6Zn5fD_Tuo2Ou31iVhcewymQwe_ZgsAUAwIUAiQ44S8KisVQxDMN7D4IvWthAbsgHF-wP2nDf4:1rEc5H:PB2_pIKWMxzgWjlJmZgi72Vf_IpelKxkyhKFFeuty-8",
    "expire_date": "2023-12-30T21:20:31.911Z"
  }
},
{
  "model": "main.demo",
  "pk": 5,
  "fields": {
    "title": "sasha",
    "image": "images/evening.gif"
  }
},
{
  "model": "news.tag",
  "pk": 1,
  "fields": {
    "title": "Games",
    "status": true
  }
},
{
  "model": "news.tag",
  "pk": 2,
  "fields": {
    "title": "Science",
    "status": true
  }
},
{
  "model": "news.tag",
  "pk": 3,
  "fields": {
    "title": "Ecology",
    "status": true
  }
},
{
  "model": "news.tag",
  "pk": 4,
  "fields": {
    "title": "IT",
    "status": true
  }
},
{
  "model": "news.tag",
  "pk": 5,
  "fields": {
    "title": "Economics",
    "status": true
  }
},
{
  "model": "news.tag",
  "pk": 6,
  "fields": {
    "title": "World",
    "status": true
  }
},
{
  "model": "news.article",
  "pk": 2,
  "fields": {
    "author": 6,
    "title": "Экономические новости",
    "anouncement": "про экономику",
    "text": "Переменные выглядят следующим образом: . Когда механизм шаблонов встречает переменную, он оценивает эту переменную и заменяет ее результатом. Имена переменных состоят из любой комбинации буквенно-цифровых символов и подчеркивания ( ), но не могут начинаться с подчеркивания и не могут быть цифрами. Точка ( ) также появляется в разделах переменных, хотя она имеет особое значение, как указано ниже. Важно отметить, что в именах переменных нельзя использовать пробелы или знаки препинания.",
    "date": "2023-12-17T19:09:03.287Z",
    "category": "E",
    "tags": [
      3,
      5
    ]
  }
},
{
  "model": "news.article",
  "pk": 3,
  "fields": {
    "author": 1,
    "title": "Научные новости",
    "anouncement": "Про науку",
    "text": "Аннотация – это вторичный (самостоятельный) текст, который характеризуется наибольшей краткостью и констатирующим характером изложения. Цель аннотации – извлечь из текста первоисточника самые необходимые, предельно краткие сведения, дающие читателю предварительное представление о незнакомой ему публикации.",
    "date": "2023-12-10T19:21:52.984Z",
    "category": "S",
    "tags": [
      3,
      5,
      1
    ]
  }
},
{
  "model": "news.article",
  "pk": 4,
  "fields": {
    "author": 7,
    "title": "Айтишные новости",
    "anouncement": "Про Айтишку",
    "text": "лорем ипсум долор сет амет итд",
    "date": "2023-12-17T19:07:05.894Z",
    "category": "IT",
    "tags": [
      4,
      6
    ]
  }
},
{
  "model": "news.article",
  "pk": 5,
  "fields": {
    "author": 7,
    "title": "Экологические  новости",
    "anouncement": "про экологию",
    "text": "лорем ипсум долор сет амет джавдет!!!",
    "date": "2023-12-17T19:08:36.261Z",
    "category": "S",
    "tags": [
      3
    ]
  }
},
{
  "model": "news.article",
  "pk": 6,
  "fields": {
    "author": 6,
    "title": "Новости мира Игр",
    "anouncement": "рубиться и веселиться!))",
    "text": "Openai запустила нейросеть, которая охотится ......на тараканов",
    "date": "2023-12-22T23:34:01.455Z",
    "category": "IT",
    "tags": [
      1
    ]
  }
},
{
  "model": "news.article",
  "pk": 7,
  "fields": {
    "author": 8,
    "title": "Осень, куда же ты?!",
    "anouncement": "верните мне мою осень.....",
    "text": "осень, осень, я люблю тебя осень-осень...",
    "date": "2023-12-17T19:08:02.797Z",
    "category": "S",
    "tags": [
      3,
      6
    ]
  }
},
{
  "model": "news.article",
  "pk": 14,
  "fields": {
    "author": 8,
    "title": "руцуйцнг",
    "anouncement": "jjfdjfkjfjd",
    "text": "reuryerueryueyruyeuryueryueyrueyufyy98er9e8r9e8r9e8r9er8rrrrreuryerueryueyruyeuryueryueyrueyufyy98er9e8r9e8r9e8r9er8rrrrreuryerueryueyruyeuryueryueyrueyufyy98er9e8r9e8r9e8r9er8rrrrvreuryerueryueyruyeuryueryueyrueyufyy98er9e8r9e8r9e8r9er8rrrrreuryerueryueyruyeuryueryueyrueyufyy98er9e8r9e8r9e8r9er8rrrrvreuryerueryueyruyeuryueryueyrueyufyy98er9e8r9e8r9e8r9er8rrrrreuryerueryueyruyeuryueryueyrueyufyy98er9e8r9e8r9e8r9er8rrrrreuryerueryueyruyeuryueryueyrueyufyy98er9e8r9e8r9e8r9er8rrrrreuryerueryueyruyeuryueryueyrueyufyy98er9e8r9e",
    "date": "2023-12-22T23:34:22.557Z",
    "category": "IT",
    "tags": [
      5,
      4
    ]
  }
},
{
  "model": "news.article",
  "pk": 15,
  "fields": {
    "author": 1,
    "title": "мир киборгов!?",
    "anouncement": "миром должны править киборги",
    "text": "миром должны править киборги!!",
    "date": "2023-12-24T23:00:21.414Z",
    "category": "IT",
    "tags": [
      1,
      4,
      6
    ]
  }
},
{
  "model": "news.article",
  "pk": 16,
  "fields": {
    "author": 6,
    "title": "Сегодня я был создан",
    "anouncement": "Я-есть построенный",
    "text": "моя модель: е890к898р8d8fd7f67df6d7f0ов9п8па98а-лkjkfjgjdfkgj и всем хороших снов)))",
    "date": "2023-12-17T17:42:55.862Z",
    "category": "S",
    "tags": [
      4
    ]
  }
},
{
  "model": "news.image",
  "pk": 1,
  "fields": {
    "article": 14,
    "title": "цуцуцуцуцуц",
    "image": "article_images/Снимок_экрана_от_2023-12-03_20-18-09.png"
  }
},
{
  "model": "news.image",
  "pk": 2,
  "fields": {
    "article": 4,
    "title": "айтишный вечер",
    "image": "article_images/evening.gif"
  }
},
{
  "model": "news.image",
  "pk": 3,
  "fields": {
    "article": 3,
    "title": "ночная  жизнь",
    "image": "article_images/night.jpg"
  }
},
{
  "model": "news.image",
  "pk": 4,
  "fields": {
    "article": 3,
    "title": "долина молний",
    "image": "article_images/долина.jpeg"
  }
},
{
  "model": "news.image",
  "pk": 5,
  "fields": {
    "article": 6,
    "title": "беги!!!",
    "image": "article_images/спасение.jpg"
  }
},
{
  "model": "news.image",
  "pk": 6,
  "fields": {
    "article": 6,
    "title": "снимок с экрана",
    "image": "article_images/Снимок_экрана_от_2023-12-03_20-18-09_dvo6cJK.png"
  }
},
{
  "model": "news.image",
  "pk": 7,
  "fields": {
    "article": 6,
    "title": "кошмар",
    "image": "article_images/404.png"
  }
},
{
  "model": "news.image",
  "pk": 8,
  "fields": {
    "article": 7,
    "title": "осенняя погода",
    "image": "article_images/осень.jpg"
  }
},
{
  "model": "news.image",
  "pk": 9,
  "fields": {
    "article": 7,
    "title": "не ходи туда!",
    "image": "article_images/грозовой_перевал.jpg"
  }
},
{
  "model": "news.image",
  "pk": 10,
  "fields": {
    "article": 5,
    "title": "огонь",
    "image": "article_images/blaze.gif"
  }
},
{
  "model": "news.image",
  "pk": 11,
  "fields": {
    "article": 5,
    "title": "кошак",
    "image": "article_images/кот.jpg"
  }
},
{
  "model": "news.image",
  "pk": 12,
  "fields": {
    "article": 5,
    "title": "утрецо",
    "image": "article_images/утро.png"
  }
},
{
  "model": "news.image",
  "pk": 13,
  "fields": {
    "article": 2,
    "title": "гогого!!!",
    "image": "article_images/бег.jpg"
  }
},
{
  "model": "news.image",
  "pk": 14,
  "fields": {
    "article": 2,
    "title": "сумочка",
    "image": "article_images/product01.jpg"
  }
},
{
  "model": "news.image",
  "pk": 15,
  "fields": {
    "article": 2,
    "title": "октоберфэст",
    "image": "article_images/октябрь.jpg"
  }
},
{
  "model": "news.image",
  "pk": 16,
  "fields": {
    "article": 2,
    "title": "вечер!",
    "image": "article_images/вечер.png"
  }
},
{
  "model": "news.image",
  "pk": 20,
  "fields": {
    "article": 16,
    "title": "Снимок экрана от 2023-12-17 01-23-57.png",
    "image": "article_images/Снимок_экрана_от_2023-12-17_01-23-57.png"
  }
},
{
  "model": "news.image",
  "pk": 21,
  "fields": {
    "article": 16,
    "title": "Снимок экрана от 2023-12-17 17-54-25.png",
    "image": "article_images/Снимок_экрана_от_2023-12-17_17-54-25.png"
  }
},
{
  "model": "news.image",
  "pk": 22,
  "fields": {
    "article": 15,
    "title": "cyborg_2.jpg",
    "image": "article_images/cyborg_2_e99LOEV.jpg"
  }
},
{
  "model": "news.image",
  "pk": 23,
  "fields": {
    "article": 15,
    "title": "cyborg_3.jpg",
    "image": "article_images/cyborg_3_QYYHLEc.jpg"
  }
},
{
  "model": "news.image",
  "pk": 25,
  "fields": {
    "article": 15,
    "title": "cyborg_1.jpg",
    "image": "article_images/cyborg_1_GuBtRBP.jpg"
  }
},
{
  "model": "news.viewcount",
  "pk": 1,
  "fields": {
    "article": 14,
    "ip_address": "127.0.0.1",
    "view_date": "2023-12-22T18:18:08.452Z"
  }
},
{
  "model": "news.viewcount",
  "pk": 2,
  "fields": {
    "article": 4,
    "ip_address": "127.0.0.1",
    "view_date": "2023-12-22T18:24:57.493Z"
  }
},
{
  "model": "news.viewcount",
  "pk": 3,
  "fields": {
    "article": 15,
    "ip_address": "127.0.0.1",
    "view_date": "2023-12-22T18:25:19.816Z"
  }
},
{
  "model": "news.viewcount",
  "pk": 4,
  "fields": {
    "article": 16,
    "ip_address": "127.0.0.1",
    "view_date": "2023-12-23T15:34:52.474Z"
  }
},
{
  "model": "news.viewcount",
  "pk": 5,
  "fields": {
    "article": 6,
    "ip_address": "127.0.0.1",
    "view_date": "2023-12-24T00:57:44.742Z"
  }
},
{
  "model": "news.viewcount",
  "pk": 6,
  "fields": {
    "article": 2,
    "ip_address": "127.0.0.1",
    "view_date": "2023-12-24T18:35:20.724Z"
  }
},
{
  "model": "news.viewcount",
  "pk": 7,
  "fields": {
    "article": 3,
    "ip_address": "127.0.0.1",
    "view_date": "2023-12-24T21:16:15.161Z"
  }
},
{
  "model": "news.viewcount",
  "pk": 8,
  "fields": {
    "article": 5,
    "ip_address": "127.0.0.1",
    "view_date": "2023-12-24T22:08:13.500Z"
  }
},
{
  "model": "users.account",
  "pk": 1,
  "fields": {
    "nickname": "Cyborg",
    "birthdate": null,
    "gender": "M",
    "account_image": "account_images/sasha_cyborg.jpg",
    "address": "",
    "job": "Ростелеком",
    "whatsapp": "",
    "viber": "",
    "twitch": "",
    "instagram": "",
    "facebook": "",
    "twitter": "",
    "discord": "",
    "github": "https://github.com/sasha1985y",
    "youtube": "",
    "linkedin": "",
    "snapchat": "",
    "skype": "",
    "vk": "https://vk.com/karkade2021",
    "telegram": "https://t.me/d_e_p_L_o_y_1",
    "phone": ""
  }
},
{
  "model": "users.account",
  "pk": 6,
  "fields": {
    "nickname": "cyborg-girl",
    "birthdate": null,
    "gender": "",
    "account_image": "account_images/cyber.jpg",
    "address": "Shadow-city",
    "job": "shadow",
    "whatsapp": "",
    "viber": "",
    "twitch": "",
    "instagram": "",
    "facebook": "",
    "twitter": "",
    "discord": "",
    "github": "",
    "youtube": "",
    "linkedin": "",
    "snapchat": "",
    "skype": "",
    "vk": "https://media.discordapp.net/attachments/986190164751687710/1185996335976042547/cyber.jpg?ex=6591a42",
    "telegram": "https://media.discordapp.net/attachments/986190164751687710/1185996335976042547/cyber.jpg?ex=6591a42",
    "phone": "+79898893484"
  }
},
{
  "model": "users.account",
  "pk": 7,
  "fields": {
    "nickname": "Kitty",
    "birthdate": null,
    "gender": "",
    "account_image": "account_images/Снимок_экрана_от_2023-11-26_21-18-31_UmcHZdu.png",
    "address": "DIXIE",
    "job": "Tech-lead",
    "whatsapp": "",
    "viber": "",
    "twitch": "",
    "instagram": "",
    "facebook": "",
    "twitter": "",
    "discord": "",
    "github": "",
    "youtube": "",
    "linkedin": "",
    "snapchat": "",
    "skype": "",
    "vk": "https://media.discordapp.net/attachments/986190164751687710/1140545426261549126/superCyborgGirl.png?",
    "telegram": "https://media.discordapp.net/attachments/986190164751687710/1140555335350882345/superCyborgGirl_1.pn",
    "phone": "+4459685689689"
  }
},
{
  "model": "users.account",
  "pk": 8,
  "fields": {
    "nickname": "0=(;;;;>",
    "birthdate": null,
    "gender": "",
    "account_image": "account_images/robbo_J6ndHwK_E0zZ0fP.jpg",
    "address": "Дюкслекск",
    "job": "Factor-Developer",
    "whatsapp": "",
    "viber": "",
    "twitch": "",
    "instagram": "",
    "facebook": "",
    "twitter": "",
    "discord": "",
    "github": "",
    "youtube": "",
    "linkedin": "",
    "snapchat": "",
    "skype": "",
    "vk": "https://media.discordapp.net/attachments/986190164751687710/1186005415813718086/robbo_J6ndHwK.jpg?ex",
    "telegram": "https://media.discordapp.net/attachments/986190164751687710/1186005415813718086/robbo_J6ndHwK.jpg?ex",
    "phone": "+149588450485"
  }
},
{
  "model": "users.account",
  "pk": 17,
  "fields": {
    "nickname": "",
    "birthdate": null,
    "gender": "",
    "account_image": "default.jpg",
    "address": "",
    "job": "",
    "whatsapp": "",
    "viber": "",
    "twitch": "",
    "instagram": "",
    "facebook": "",
    "twitter": "",
    "discord": "",
    "github": "",
    "youtube": "",
    "linkedin": "",
    "snapchat": "",
    "skype": "",
    "vk": "",
    "telegram": "",
    "phone": ""
  }
},
{
  "model": "users.favoritearticle",
  "pk": 115,
  "fields": {
    "user": 1,
    "article": 14,
    "create_at": "2023-12-24T00:54:41.018Z"
  }
},
{
  "model": "users.favoritearticle",
  "pk": 117,
  "fields": {
    "user": 1,
    "article": 2,
    "create_at": "2023-12-24T00:54:45.256Z"
  }
},
{
  "model": "users.favoritearticle",
  "pk": 118,
  "fields": {
    "user": 1,
    "article": 5,
    "create_at": "2023-12-24T00:54:47.323Z"
  }
},
{
  "model": "users.favoritearticle",
  "pk": 119,
  "fields": {
    "user": 1,
    "article": 16,
    "create_at": "2023-12-24T00:54:49.442Z"
  }
},
{
  "model": "users.favoritearticle",
  "pk": 120,
  "fields": {
    "user": 1,
    "article": 7,
    "create_at": "2023-12-24T00:54:51.626Z"
  }
},
{
  "model": "users.favoritearticle",
  "pk": 121,
  "fields": {
    "user": 1,
    "article": 6,
    "create_at": "2023-12-24T00:54:53.790Z"
  }
},
{
  "model": "users.favoritearticle",
  "pk": 123,
  "fields": {
    "user": 1,
    "article": 4,
    "create_at": "2023-12-24T00:54:57.621Z"
  }
},
{
  "model": "users.favoritearticle",
  "pk": 125,
  "fields": {
    "user": 1,
    "article": 3,
    "create_at": "2023-12-25T20:55:34.080Z"
  }
}
]
